Fecha,Hora,Fecha valor,Producto,ISIN,Descripción,Tipo,Variación,,Saldo,,ID Orden
15-01-2026,09:00,15-01-2026,,,Ingreso,,EUR,"7000,00",EUR,"7000,00",
15-01-2026,10:15,15-01-2026,Synthetic Global Core UCITS ETF,IE00SYNCORE1,Compra Synthetic Global Core UCITS ETF,,EUR,"-3202,00",EUR,"3798,00",DEMO-ORD-001
15-02-2026,09:00,15-02-2026,,,Ingreso,,EUR,"600,00",EUR,"4398,00",
15-02-2026,10:20,15-02-2026,Synthetic Defensive Bond UCITS ETF,IE00SYNBOND1,Compra Synthetic Defensive Bond UCITS ETF,,EUR,"-1501,50",EUR,"2896,50",DEMO-ORD-002
15-03-2026,09:00,15-03-2026,,,Ingreso,,EUR,"600,00",EUR,"3496,50",
15-03-2026,10:25,15-03-2026,Synthetic Quality Tech NV,NL00SYNTECH1,Compra Synthetic Quality Tech NV,,EUR,"-761,20",EUR,"2735,30",DEMO-ORD-003
31-03-2026,12:00,31-03-2026,Synthetic Global Core UCITS ETF,IE00SYNCORE1,Dividendo,,EUR,"18,40",EUR,"2753,70",DEMO-DIV-001
15-04-2026,09:00,15-04-2026,,,Ingreso,,EUR,"600,00",EUR,"3353,70",
15-04-2026,10:30,15-04-2026,Synthetic Global Core UCITS ETF,IE00SYNCORE1,Compra Synthetic Global Core UCITS ETF,,EUR,"-673,00",EUR,"2680,70",DEMO-ORD-004
